Btrigger,Ftarget,risk_shortcut,C_shortcut,risk_sam,C_sam,sam_computed
8e+05,0.18,0.011,324419.6536,0.018285691,328520.6336,FALSE
8e+05,0.19,0.018,328804.4675,0.018,328119.1826,TRUE
8e+05,0.2,0.024000477,332446.9015,0.026834813,331847.2428,FALSE
8e+05,0.21,0.032,336126.0832,0.04,335607.901,TRUE
8e+05,0.22,0.043,339156.2517,0.052,338717.0406,TRUE
8e+05,0.23,0.057528158,341667.8648,0.063912971,341417.0811,FALSE
8e+05,0.24,0.077,344199.7272,0.081,343838.4121,TRUE
8e+05,0.25,0.094,346267.3982,0.098873935,345822.0188,FALSE
8e+05,0.26,0.121,348060.6827,0.117039247,347600.0496,FALSE
8e+05,0.27,0.138,349632.9606,0.130857722,349074.5461,FALSE
8e+05,0.28,0.161,350987.5397,0.15305212,350501.5008,FALSE
8e+05,0.29,0.187,352160.0162,0.192,351832.5327,TRUE
8e+05,0.3,0.207,353132.4063,0.223854274,352678.5894,FALSE
8e+05,0.31,0.239,353958.3204,0.241605407,353496.0767,FALSE
8e+05,0.32,0.265,354683.6632,0.27242839,354145.1744,FALSE
8e+05,0.33,0.285855319,355139.9179,0.282885109,354700.21,FALSE
8e+05,0.34,0.308773584,355606.26,0.317,355277.4789,TRUE
8e+05,0.35,0.334,356082.9927,0.338042773,355728.2596,FALSE
8e+05,0.36,0.359,356335.8151,0.364446924,356077.0554,FALSE
8e+05,0.37,0.392,356535.7795,0.383076196,356504.9884,FALSE
8e+05,0.38,0.419,356647.0022,0.431030529,356532.2516,FALSE
8e+05,0.39,0.446,356687.2261,0.445,356089.6461,TRUE
9e+05,0.18,0.011,324435.6206,0.015020359,328683.6283,FALSE
9e+05,0.19,0.016,328814.8504,0.014712073,328287.5607,FALSE
9e+05,0.2,0.021909904,332471.2704,0.021638735,331947.007,FALSE
9e+05,0.21,0.03,336164.7608,0.031817537,335637.5993,FALSE
9e+05,0.22,0.039,339199.0853,0.047,338714.2468,TRUE
9e+05,0.23,0.051107563,341728.8672,0.057391913,341409.2689,FALSE
9e+05,0.24,0.067,344279.2013,0.072382756,343808.2978,FALSE
9e+05,0.25,0.081,346354.4834,0.088020207,345827.9163,FALSE
9e+05,0.26,0.104,348151.4149,0.103602861,347629.6109,FALSE
9e+05,0.27,0.118,349734.1994,0.11479184,349109.6741,FALSE
9e+05,0.28,0.138,351134.7046,0.133377894,350538.6334,FALSE
9e+05,0.29,0.156,352323.7638,0.16686128,351865.2391,FALSE
9e+05,0.3,0.18,353378.0548,0.195865947,352754.7325,FALSE
9e+05,0.31,0.199,354232.9033,0.211864673,353613.388,FALSE
9e+05,0.32,0.225,354973.7542,0.239983809,354293.3115,FALSE
9e+05,0.33,0.246771798,355504.2548,0.24911844,354873.0568,FALSE
9e+05,0.34,0.270997788,356045.2675,0.280248987,355475.5976,FALSE
9e+05,0.35,0.298,356597.1452,0.298956566,355964.6195,FALSE
9e+05,0.36,0.317,356982.5865,0.322570378,356345.0691,FALSE
9e+05,0.37,0.335,357273.4852,0.3387894,356808.5579,FALSE
9e+05,0.38,0.359,357421.8775,0.382318489,356847.435,FALSE
9e+05,0.39,0.382,357581.695,0.393860779,356388.4563,FALSE
1e+06,0.18,0.008,324461.7486,0.012169968,328745.0313,FALSE
1e+06,0.19,0.011,328832.4805,0.011856711,328350.9924,FALSE
1e+06,0.2,0.015200956,332475.32,0.017220467,331949.6187,FALSE
1e+06,0.21,0.021,336154.9287,0.025,335578.0435,TRUE
1e+06,0.22,0.03,339170.6474,0.042,338628.3486,TRUE
1e+06,0.23,0.040244119,341655.9137,0.051,341328.6413,TRUE
1e+06,0.24,0.054,344161.0332,0.064074302,343714.8229,FALSE
1e+06,0.25,0.067,346236.168,0.077690948,345778.7841,FALSE
1e+06,0.26,0.078,348039.0911,0.091,347611.8221,TRUE
1e+06,0.27,0.094,349652.8637,0.099979267,349104.1513,FALSE
1e+06,0.28,0.111,351013.5857,0.115487294,350541.6236,FALSE
1e+06,0.29,0.123,352247.9406,0.144221673,351869.9644,FALSE
1e+06,0.3,0.136,353300.2749,0.17056881,352807.7044,FALSE
1e+06,0.31,0.162,354218.2958,0.185,353712.2018,TRUE
1e+06,0.32,0.176,355011.9847,0.210642537,354427.0304,FALSE
1e+06,0.33,0.195481233,355580.2226,0.218670332,355035.2039,FALSE
1e+06,0.34,0.217368821,356159.1354,0.247101799,355666.7549,FALSE
1e+06,0.35,0.242,356749.1014,0.263801182,356197.3748,FALSE
1e+06,0.36,0.259,357181.2025,0.285,356612.4457,TRUE
1e+06,0.37,0.281,357549.7205,0.299201729,357114.6745,FALSE
1e+06,0.38,0.302,357797.5053,0.338832948,357166.9456,FALSE
1e+06,0.39,0.323,358053.4033,0.34841553,356691.7261,FALSE
1100000,0.18,0.006,324425.0275,0.010234269,328496.3399,FALSE
1100000,0.19,0.009,328745.862,0.00992711,328094.0868,FALSE
1100000,0.2,0.011621573,332305.9748,0.014268647,331629.764,FALSE
1100000,0.21,0.015,335900.9605,0.020497736,335193.5456,FALSE
1100000,0.22,0.019,338874.6352,0.033803181,338211.2365,FALSE
1100000,0.23,0.027567561,341339.8153,0.041,340898.64,TRUE
1100000,0.24,0.04,343824.3892,0.053,343210.4303,TRUE
1100000,0.25,0.049,345843.7368,0.066173488,345255.1964,FALSE
1100000,0.26,0.06,347631.8884,0.079645675,347054.3865,FALSE
1100000,0.27,0.073,349195.2397,0.086804048,348546.6729,FALSE
1100000,0.28,0.081,350582.2647,0.099738078,349979.5097,FALSE
1100000,0.29,0.096,351785.7295,0.12443143,351295.504,FALSE
1100000,0.3,0.108,352834.0224,0.148367382,352265.9858,FALSE
1100000,0.31,0.124,353759.9721,0.161413118,353199.9853,FALSE
1100000,0.32,0.136,354604.8612,0.184299903,353978.6359,FALSE
1100000,0.33,0.150535658,355228.7592,0.190819797,354643.4159,FALSE
1100000,0.34,0.166792006,355863.3128,0.21607404,355331.6185,FALSE
1100000,0.35,0.185,356508.9358,0.230253012,355930.7627,FALSE
1100000,0.36,0.208,356957.9174,0.248428573,356406.6501,FALSE
1100000,0.37,0.228,357371.0364,0.260864815,356965.9128,FALSE
1100000,0.38,0.243,357698.6534,0.296715439,357048.5049,FALSE
1100000,0.39,0.259,357989.4383,0.304711551,356572.4003,FALSE
1200000,0.18,0.004256032,324012.2841,NA,NA,FALSE
1200000,0.19,0.006015293,328221.229,NA,NA,FALSE
1200000,0.2,0.008368589,331674.2183,NA,NA,FALSE
1200000,0.21,0.011635116,335159.4998,NA,NA,FALSE
1200000,0.22,0.013799105,338064.5179,NA,NA,FALSE
1200000,0.23,0.018686008,340435.5429,NA,NA,FALSE
1200000,0.24,0.025298989,342824.1377,NA,NA,FALSE
1200000,0.25,0.030503225,344812.1209,NA,NA,FALSE
1200000,0.26,0.038702188,346568.0824,NA,NA,FALSE
1200000,0.27,0.049762208,348107.9219,NA,NA,FALSE
1200000,0.28,0.05961153,349483.8344,NA,NA,FALSE
1200000,0.29,0.071203256,350703.2795,NA,NA,FALSE
1200000,0.3,0.078990208,351780.6334,NA,NA,FALSE
1200000,0.31,0.090947013,352756.9687,NA,NA,FALSE
1200000,0.32,0.103401206,353626.848,NA,NA,FALSE
1200000,0.33,0.115409914,354295.2356,NA,NA,FALSE
1200000,0.34,0.128923029,354973.8909,NA,NA,FALSE
1200000,0.35,0.144150133,355663.254,NA,NA,FALSE
1200000,0.36,0.162007336,356193.2836,NA,NA,FALSE
1200000,0.37,0.174207066,356657.5509,NA,NA,FALSE
1200000,0.38,0.187701945,357067.8392,NA,NA,FALSE
1200000,0.39,0.203465465,357440.6232,NA,NA,FALSE
1300000,0.18,0.003,323555.5083,0.00563166,326858.4097,FALSE
1300000,0.19,0.004,327665.367,0.005380472,326402.2229,FALSE
1300000,0.2,0.00600248,331021.964,0.007552366,329795.7905,FALSE
1300000,0.21,0.009,334408.5474,0.010590961,333212.6023,FALSE
1300000,0.22,0.01,337254.1,0.01679653,336142.2329,FALSE
1300000,0.23,0.012651661,339538.7396,0.020226401,338777.1325,FALSE
1300000,0.24,0.016,341839.2826,0.02687644,341061.5093,FALSE
1300000,0.25,0.019,343802.2771,0.034606273,343107.7823,FALSE
1300000,0.26,0.025,345531.739,0.043895271,344885.2,FALSE
1300000,0.27,0.034,347053.0531,0.049,346403.6532,TRUE
1300000,0.28,0.044,348422.2665,0.058,347852.101,TRUE
1300000,0.29,0.053,349661.4595,0.073503263,349159.6811,FALSE
1300000,0.3,0.058,350771.1281,0.090619403,350208.0223,FALSE
1300000,0.31,0.067,351800.6772,0.100801737,351212.0522,FALSE
1300000,0.32,0.079,352698.1937,0.117653378,352126.85,FALSE
1300000,0.33,0.088946475,353412.9813,0.123050439,352911.5466,FALSE
1300000,0.34,0.100215768,354137.7001,0.1392014,353696.1043,FALSE
1300000,0.35,0.113,354872.8175,0.146941382,354413.4097,FALSE
1300000,0.36,0.127,355485.2528,0.157212919,354990.015,FALSE
1300000,0.37,0.134,356001.9662,0.164142623,355641.66,FALSE
1300000,0.38,0.146,356495.9574,0.187306462,355758.9588,FALSE
1300000,0.39,0.161,356951.693,0.192922491,355318.0825,FALSE
1400000,0.18,0.002459581,322325.0879,NA,NA,FALSE
1400000,0.19,0.002839366,326280.4169,NA,NA,FALSE
1400000,0.2,0.004371623,329523.6057,NA,NA,FALSE
1400000,0.21,0.00672399,332793.7982,NA,NA,FALSE
1400000,0.22,0.007087055,335564.3995,NA,NA,FALSE
1400000,0.23,0.00947667,337824.6059,NA,NA,FALSE
1400000,0.24,0.012664829,340099.4848,NA,NA,FALSE
1400000,0.25,0.013799105,342073.675,NA,NA,FALSE
1400000,0.26,0.018038983,343823.465,NA,NA,FALSE
1400000,0.27,0.021823732,345366.2002,NA,NA,FALSE
1400000,0.28,0.028138108,346763.8482,NA,NA,FALSE
1400000,0.29,0.033346537,348034.4373,NA,NA,FALSE
1400000,0.3,0.038805077,349157.6235,NA,NA,FALSE
1400000,0.31,0.048371742,350221.6354,NA,NA,FALSE
1400000,0.32,0.056833341,351210.2562,NA,NA,FALSE
1400000,0.33,0.065256763,351989.5078,NA,NA,FALSE
1400000,0.34,0.074968217,352778.1314,NA,NA,FALSE
1400000,0.35,0.086177195,353576.6308,NA,NA,FALSE
1400000,0.36,0.096718851,354237.3884,NA,NA,FALSE
1400000,0.37,0.107082285,354830.9553,NA,NA,FALSE
1400000,0.38,0.116839596,355391.0001,NA,NA,FALSE
1400000,0.39,0.125899335,355886.9754,NA,NA,FALSE
1500000,0.18,0.002,321049.9587,0.002849063,323994.1025,FALSE
1500000,0.19,0.002,324863.58,0.002675332,323444.2992,FALSE
1500000,0.2,0.00316416,328003.9408,0.00367675,326687.9411,FALSE
1500000,0.21,0.005,331168.5831,0.005045961,329948.6412,FALSE
1500000,0.22,0.005,333873.2986,0.007726826,332774.4005,FALSE
1500000,0.23,0.007073661,336116.1595,0.009243083,335336.1505,FALSE
1500000,0.24,0.01,338372.5662,0.012068748,337584.7634,FALSE
1500000,0.25,0.01,340363.8941,0.015312638,339620.0367,FALSE
1500000,0.26,0.013,342139.2083,0.019587006,341392.6117,FALSE
1500000,0.27,0.014,343707.9396,0.022336939,342933.4426,FALSE
1500000,0.28,0.018,345138.1048,0.025537782,344469.8297,FALSE
1500000,0.29,0.021,346443.7723,0.031846841,345844.4448,FALSE
1500000,0.3,0.026,347583.8791,0.039,347013.0919,TRUE
1500000,0.31,0.035,348685.397,0.048,348117.4533,TRUE
1500000,0.32,0.041,349767.4661,0.062,349195.7691,TRUE
1500000,0.33,0.048032708,350613.1308,0.070805895,350125.6323,FALSE
1500000,0.34,0.056291661,351467.6741,0.084766042,351008.4228,FALSE
1500000,0.35,0.066,352331.637,0.093807896,351843.5609,FALSE
1500000,0.36,0.074,353042.4913,0.098533233,352505.3696,FALSE
1500000,0.37,0.086,353714.3037,0.101238911,353233.23,FALSE
1500000,0.38,0.094,354341.7896,0.114832359,353363.2953,FALSE
1500000,0.39,0.099,354879.3628,0.118816051,352996.3458,FALSE
1600000,0.18,0.001,319137.7385,0.002145264,322250.8237,FALSE
1600000,0.19,0.001,322820.7826,0.002,321644.4817,TRUE
1600000,0.2,0.001733378,325948.1685,0.002728613,324817.0404,FALSE
1600000,0.21,0.003,329098.6409,0.003716774,328003.3717,FALSE
1600000,0.22,0.004,331773.6337,0.005614163,330778.5429,FALSE
1600000,0.23,0.004901286,334055.481,0.006711954,333303.4711,FALSE
1600000,0.24,0.006,336350.3376,0.008715271,335532.093,FALSE
1600000,0.25,0.008,338336.1899,0.011010942,337558.342,FALSE
1600000,0.26,0.01,340040.8851,0.014015412,339335.8899,FALSE
1600000,0.27,0.012,341636.0113,0.016,340893.9018,TRUE
1600000,0.28,0.013,343163.3979,0.017807526,342479.3369,FALSE
1600000,0.29,0.015,344537.9068,0.021511451,343911.4806,FALSE
1600000,0.3,0.019,345822.3483,0.025536952,345148.7986,FALSE
1600000,0.31,0.022,346998.6667,0.030451987,346324.6394,FALSE
1600000,0.32,0.026,348054.4346,0.038,347475.0975,TRUE
1600000,0.33,0.031667533,348969.9009,0.047,348495.9516,TRUE
1600000,0.34,0.038575022,349893.6465,0.06,349446.2175,TRUE
1600000,0.35,0.047,350826.2502,0.070444874,350358.1159,FALSE
1600000,0.36,0.056,351572.997,0.073454435,351073.356,FALSE
1600000,0.37,0.062,352307.457,0.075,351850.2458,TRUE
1600000,0.38,0.069,353012.1728,0.08499856,351995.3264,FALSE
1600000,0.39,0.08,353637.1452,0.088297482,351671.3014,FALSE
1700000,0.18,0.001,316846.2064,0.001894244,322451.1546,FALSE
1700000,0.19,0.001,320560.8289,0.001760411,321851.2928,FALSE
1700000,0.2,0.001415378,323688.5943,0.002344995,324826.5002,FALSE
1700000,0.21,0.002,326838.4278,0.003118464,327811.7114,FALSE
1700000,0.22,0.003,329478.2856,0.004572225,330405.3599,FALSE
1700000,0.23,0.003875065,331744.6999,0.00537236,332760.0096,FALSE
1700000,0.24,0.005,334022.7238,0.006824137,334832.4863,FALSE
1700000,0.25,0.005,336044.4839,0.008444961,336711.7566,FALSE
1700000,0.26,0.008,337861.0401,0.01052256,338354.3139,FALSE
1700000,0.27,0.009,339544.9537,0.011826087,339787.8759,FALSE
1700000,0.28,0.01,341108.6332,0.012972772,341245.3845,FALSE
1700000,0.29,0.013,342568.4382,0.015374048,342556.4825,FALSE
1700000,0.3,0.014,343884.6023,0.017917915,343682.1367,FALSE
1700000,0.31,0.015,345090.3194,0.020966593,344748.03,FALSE
1700000,0.32,0.019,346244.4519,0.025604748,345788.134,FALSE
1700000,0.33,0.023291619,347221.6502,0.031,346704.3277,TRUE
1700000,0.34,0.028550984,348206.4582,0.038,347697.2089,TRUE
1700000,0.35,0.035,349199.4857,0.048,348630.5046,TRUE
1700000,0.36,0.04,350043.6319,0.050364878,349343.0038,FALSE
1700000,0.37,0.047,350827.0455,0.051795323,350112.3102,FALSE
1700000,0.38,0.055,351560.9558,0.058779064,350285.6936,FALSE
1700000,0.39,0.059,352240.8443,0.061418277,350016.2349,FALSE
